train_loss,train_acc,train_f1,train_recall,train_precision,val_loss,val_acc,val_f1,val_recall,val_precision,test_loss,test_acc,test_f1,test_recall,test_precision
1.0987107869547046,0.44401263055623025,0.3725532522786632,0.3850932497190412,0.377639095708427,0.9921949022566267,0.36771300448430494,0.30129565301979094,0.40425405614769033,0.6606780878904773,0.9829456569898464,0.3546734955185659,0.3105440205149325,0.4129841753875298,0.6253057544857024
0.9226614358197607,0.5558659217877095,0.5347082919703642,0.5250905404380057,0.549257910070121,0.8912344661057757,0.612427930813581,0.5409881825811029,0.5772787513319343,0.5615059320203514,0.8646368643511897,0.6459667093469911,0.5838861923316103,0.6264272722372383,0.603656461194575
0.7621009738309804,0.6282487247996114,0.6200166796597434,0.6145286546195029,0.6281288274381769,0.7862453041479106,0.5624599615631006,0.605311004371456,0.6264350122388871,0.6864254824833805,0.7467895987850931,0.5473751600512163,0.6174913899482742,0.6522761106105759,0.6927498850785848
0.660943666914041,0.690794267670634,0.6971343109883202,0.6893597327345903,0.7060883953148712,0.7191828928716347,0.6566303651505445,0.6839635987618312,0.6581663997843096,0.7421564175613488,0.6777072970367148,0.6766965428937259,0.7146038473817699,0.700091528634463,0.7481379819889579
0.6307479306112843,0.7152052465387418,0.7255553594386717,0.718845249402826,0.7338700669326575,0.803929488963026,0.6944266495836002,0.6810484531970401,0.6397046827975602,0.7644986408838292,0.7263355865750624,0.7285531370038413,0.7270587455031999,0.6943622488660952,0.7856136456290003
