train_loss,train_acc,train_f1,train_recall,train_precision,val_loss,val_acc,val_f1,val_recall,val_precision,test_loss,test_acc,test_f1,test_recall,test_precision
1.0976512836663688,0.45799011532125206,0.3605932008893829,0.36027355467035727,0.40671369410698416,0.9445819575768297,0.6201153106982703,0.5917058654849316,0.5629483387252368,0.6860165444557459,0.915308592112168,0.646606914212548,0.6293768205201019,0.605591470880403,0.7047037635104597
0.9092100647568113,0.5678198791872597,0.5605502509826729,0.5258399473500547,0.6234140762640735,0.7865926168306404,0.6290839205637412,0.6421563263668526,0.6081865986571168,0.6956329896826846,0.7502269006674857,0.6517285531370038,0.682241871970439,0.6561117964592911,0.7166134224417436
0.7753122344915845,0.6338550247116969,0.6494696418191754,0.6170415415809091,0.6968282636277854,0.7547583685773412,0.6790518898142216,0.6501014748917929,0.6206104133441834,0.7450461746215531,0.6911014815616181,0.6959026888604354,0.6783697034774464,0.6539626831766273,0.7544192148365916
0.7369041329905399,0.6711971444261395,0.6824380268081559,0.6513495590551476,0.7268047702053365,0.7566766384274454,0.6822549647661755,0.6620243019536048,0.6292054183656327,0.7440678793456663,0.6783238464389997,0.7163892445582587,0.707631976129912,0.6783434287430405,0.7717622121272375
0.7207507138109303,0.6860241625480505,0.6956446019290784,0.6672767621095185,0.7350690210967873,0.7370500073903967,0.6893017296604741,0.6785902620977375,0.6470126379736442,0.7378295946477765,0.6720771575346589,0.7285531370038413,0.7231040745778614,0.6961906962059433,0.769851623670343
