train_loss,train_acc,train_f1,train_recall,train_precision,val_loss,val_acc,val_f1,val_recall,val_precision,test_loss,test_acc,test_f1,test_recall,test_precision
1.0826460996838077,0.4632070291048874,0.3426771594420431,0.34305039450003466,0.3431357957577799,0.9822277923679108,0.5009609224855862,0.3462355541097575,0.3739681667019368,0.3401200150265931,0.9553675860395212,0.5115236875800256,0.3521578601332546,0.38181976112920735,0.3502262811962087
0.8695627752034826,0.592668863261944,0.5945991006381351,0.55408965660175,0.6697756313339752,0.7474237449295685,0.680973734785394,0.6747259317832168,0.6392869594705421,0.7371027863061053,0.6986233693788119,0.7106274007682458,0.7152274632694614,0.6831404193714818,0.7665536575330257
0.7247794046670706,0.6706479956068094,0.6885345497645238,0.6607121101740995,0.7301066526533622,0.7410130323675435,0.695067264573991,0.6724278049887585,0.6390411593438605,0.7489449313162414,0.6724702940439172,0.7285531370038413,0.7176200462118928,0.6850463187562085,0.788651786444281
