train_loss,train_acc,train_f1,train_recall,train_precision,val_loss,val_acc,val_f1,val_recall,val_precision,test_loss,test_acc,test_f1,test_recall,test_precision
1.0579464377478411,0.4545579352004393,0.3668129628520629,0.37342643833794975,0.3662195085435928,0.9107000108265206,0.6521460602178091,0.6224578685816426,0.5891078717340849,0.7250499034441504,0.8666163079269097,0.6683738796414853,0.6525366893182233,0.6270818182518231,0.7300065568781204
0.8061622411282687,0.6014552443712246,0.6219051352010413,0.5925645467478952,0.6635221581545027,0.7759518701478344,0.6739269698910955,0.6651799823596874,0.6313921668299274,0.7306182587948755,0.7074533690176809,0.6927016645326505,0.6915214219342526,0.6617310816950431,0.7486419665682839
0.7400256736344161,0.6773750686436024,0.6905778354942917,0.6597516544405678,0.7356464571340764,0.7504638995012969,0.6572709801409353,0.6833270727882819,0.6526782752827667,0.7499051162091578,0.685220091706118,0.6843790012804097,0.723968176872075,0.7039561993208121,0.7666869401046617
0.719157029000581,0.6876716090060406,0.7020327375827221,0.6736374204772954,0.7452511755063975,0.7414379518984071,0.6989109545163357,0.6830175717536063,0.6474463601254759,0.7531286238750031,0.6799291660675727,0.7317541613316261,0.7272946160520061,0.6938649941090859,0.7885142178654737
