train_loss,train_acc,train_f1,train_recall,train_precision,val_loss,val_acc,val_f1,val_recall,val_precision,test_loss,test_acc,test_f1,test_recall,test_precision
0.8683771736222283,0.57111477210324,0.5441892517200532,0.5922983474009942,0.5219645260280862,1.148134387186383,0.6322869955156951,0.5065747493835763,0.6022724091952975,0.6056234687183673,1.0899870170618566,0.6562099871959027,0.5299610572091799,0.6270343675160364,0.6425669687463832
0.7746398830811919,0.6810818231740802,0.6972550048759579,0.6720174108762027,0.7330935022057293,0.7088700689165793,0.66944266495836,0.6924390964890702,0.674791688385214,0.7329006767683736,0.6605330017416755,0.6850192061459667,0.720947142572116,0.7107176904536389,0.7560619711733519
0.7799077339568582,0.6954969796814937,0.7072695431565329,0.6793816768327131,0.7473430237269597,0.8152446198036604,0.6764894298526586,0.6852250248026789,0.6493174954093569,0.741718142685556,0.7248653659354085,0.6952624839948783,0.7182739703640291,0.6956550465497724,0.748081656844016
