train_loss,train_acc,train_f1,train_recall,train_precision,val_loss,val_acc,val_f1,val_recall,val_precision,test_loss,test_acc,test_f1,test_recall,test_precision
9.465994057584634,0.5551894563426688,0.3049258838096742,0.3365618880317822,0.3422732704199776,8.181225624078374,0.5746316463805253,0.24328722538649308,0.3333333333333333,0.19154388212684179,7.841089500490662,0.589628681177977,0.24728151429722112,0.3333333333333333,0.19654289372599232
7.572297116644365,0.6235584843492586,0.5133800265556989,0.49934741129445576,0.6402697661147205,6.86867144993504,0.6527866752081999,0.5549196553720642,0.5809178565721326,0.7120366468449064,6.409194034078847,0.6696542893725992,0.573888790945679,0.608344876444814,0.7466025119725309
6.554384120344658,0.6765513454146074,0.6412307586714728,0.6101880765415592,0.7269796293290569,6.793905870488766,0.6720051249199231,0.597060263542977,0.587680140600296,0.7922057433296256,6.194267341395474,0.6946222791293214,0.6284420436399154,0.6259431700048513,0.8316332829793028
6.196829610067956,0.7012630422844591,0.6848797203764395,0.6493548821056981,0.7498013673245368,6.435780586165083,0.6886611146700833,0.6585163932798731,0.6255354419527772,0.749913374913375,5.784859773066953,0.7247119078104993,0.7113786910936609,0.6810463187562085,0.7817537681968479
6.081011306373775,0.7053816584294343,0.6944723089887089,0.6591584639125639,0.7528650674837841,6.196052898817203,0.6873798846893018,0.6899200140032277,0.6500909287932376,0.7577759336099584,5.596444009515026,0.7259923175416133,0.7397468909981306,0.7091968797406457,0.7817992651170221
