train_loss,train_acc,train_f1,train_recall,train_precision,val_loss,val_acc,val_f1,val_recall,val_precision,test_loss,test_acc,test_f1,test_recall,test_precision,semeval_climate_loss,semeval_climate_acc,semeval_climate_f1,semeval_climate_recall,semeval_climate_precision,semeval_abortion_loss,semeval_abortion_acc,semeval_abortion_f1,semeval_abortion_recall,semeval_abortion_precision
0.7830664698938246,0.6199890170236134,0.6533667198957694,0.6325397168738892,0.6997025750485474,0.7534059570456038,0.618193465727098,0.6603776401909678,0.645852495027424,0.7361406705787158,0.6742495340960366,0.6446862996158771,0.6979083072905589,0.6958396593280508,0.7503242955874535,1.8944213336164302,0.17159763313609466,0.12723311546840957,0.35452081793545204,0.23509192645883292,1.328700121811458,0.5321428571428571,0.2902182993716174,0.3176136799325205,0.268944099378882
0.7491675386150111,0.6400329489291599,0.6709004656098605,0.6532232469422268,0.7009652367709581,0.8812831832590152,0.6367713004484304,0.5119491740787802,0.5446623093681917,0.537568306010929,0.7711836892199151,0.6574903969270166,0.5444086576429423,0.5839243498817966,0.5441849816849816,2.148369239135222,0.727810650887574,0.2808219178082192,0.3333333333333333,0.242603550295858,1.6696287138121468,0.16428571428571428,0.09406952965235173,0.3333333333333333,0.05476190476190476
0.8513435126495937,0.5367929708951126,0.595231007802637,0.562963585140405,0.6523468955213008,0.8174202426203659,0.6374119154388213,0.5136819951831094,0.5468409586056645,0.5377079061289588,0.7497824086066411,0.6574903969270166,0.5444086576429423,0.5839243498817966,0.5441849816849816,1.6806287467479706,0.727810650887574,0.2808219178082192,0.3333333333333333,0.242603550295858,1.3657127465520587,0.16428571428571428,0.09406952965235173,0.3333333333333333,0.05476190476190476
1.0693370954887012,0.4776221856123009,0.37672100472061293,0.3792920645533026,0.3751435805667012,1.0927263553045234,0.5746316463805253,0.24328722538649308,0.3333333333333333,0.19154388212684179,1.0893906646845293,0.589628681177977,0.24728151429722112,0.3333333333333333,0.19654289372599232,1.1039670597423206,0.727810650887574,0.2808219178082192,0.3333333333333333,0.242603550295858,1.1187586920601982,0.16428571428571428,0.09406952965235173,0.3333333333333333,0.05476190476190476
