train_loss,train_acc,train_f1,train_recall,train_precision,val_loss,val_acc,val_f1,val_recall,val_precision,test_loss,test_acc,test_f1,test_recall,test_precision,semeval_climate_loss,semeval_climate_acc,semeval_climate_f1,semeval_climate_recall,semeval_climate_precision,semeval_abortion_loss,semeval_abortion_acc,semeval_abortion_f1,semeval_abortion_recall,semeval_abortion_precision
7.205263462697065,0.64332784184514,0.5901024098353912,0.5805093932146869,0.6293931878880189,6.8844616647876435,0.6585522101217168,0.6691008540447174,0.6330527079572379,0.7270208925024259,6.195195876881289,0.7035851472471191,0.7215961098511326,0.6953105243298604,0.75670469205602,16.54155742013177,0.24260355029585798,0.17715699112469085,0.4146341463414634,0.3130774697938877,12.00005738054003,0.5285714285714286,0.2962002707919224,0.3268154282647036,0.273015873015873
8.816249664723546,0.6118890719384953,0.39237724435690474,0.4029215694353147,0.6980932003119205,9.366845931924518,0.5746316463805253,0.24328722538649308,0.3333333333333333,0.19154388212684179,9.089603887494567,0.589628681177977,0.24728151429722112,0.3333333333333333,0.19654289372599232,11.48535673701486,0.727810650887574,0.2808219178082192,0.3333333333333333,0.242603550295858,12.993617854799544,0.16428571428571428,0.09406952965235173,0.3333333333333333,0.05476190476190476
