train_loss,train_acc,train_f1,train_recall,train_precision,val_loss,val_acc,val_f1,val_recall,val_precision,test_loss,test_acc,test_f1,test_recall,test_precision,semeval_climate_loss,semeval_climate_acc,semeval_climate_f1,semeval_climate_recall,semeval_climate_precision,semeval_abortion_loss,semeval_abortion_acc,semeval_abortion_f1,semeval_abortion_recall,semeval_abortion_precision
0.8077357569228936,0.5782537067545305,0.5640898948307512,0.6056557115577055,0.5430693247358481,0.7543358503631792,0.6912235746316464,0.6969632115866773,0.6604259699939902,0.7565450389368853,0.677626225337082,0.7125480153649167,0.7297191429107596,0.7022059278767298,0.7667824987556567,1.8399384048852054,0.378698224852071,0.23844660194174758,0.3941857600394186,0.2714097496706192,1.5631419573511396,0.3678571428571429,0.2533403711408493,0.33517368299976996,0.2787698412698412
0.7295469996876173,0.6792970895112576,0.6976359173819905,0.6791508495219117,0.7274222777716178,0.7550677242783868,0.6905829596412556,0.6521367828499288,0.6218782560442513,0.7559141344003347,0.6922087803939168,0.7202304737516005,0.6978421321495887,0.6725917095971846,0.779532335675575,1.39967650716955,0.5266272189349113,0.3116822777282188,0.4135642135642135,0.3907348657724346,1.286908597605569,0.2392857142857143,0.1826475163889496,0.35408327582240623,0.3581269554072901
0.7318469538597715,0.686436024162548,0.6974219478536939,0.6784719374043715,0.725161678406196,0.789809807298743,0.6976297245355542,0.6735370472621939,0.6334222351809852,0.7757798241247719,0.7006193448086174,0.7087067861715749,0.7018024211006667,0.6689507704391618,0.7743254782410466,1.9513335688547655,0.4437869822485207,0.25181179413604093,0.3412170485341217,0.26156941649899396,1.5206647906984603,0.2571428571428571,0.18654859411047642,0.32984433709071387,0.25998479007683634
0.8090646955972838,0.6453871499176277,0.6553377685599678,0.6359908695980588,0.6809821013666927,1.0929123087196935,0.3273542600896861,0.1644144144144144,0.3333333333333333,0.10911808669656203,1.0877509144495945,0.3201024327784891,0.1616553507921112,0.3333333333333333,0.10670081092616303,1.1821935935453936,0.0650887573964497,0.04074074074074074,0.3333333333333333,0.021696252465483234,1.0582894359316144,0.675,0.26865671641791045,0.3333333333333333,0.225
