train_loss,train_acc,train_f1,train_recall,train_precision,val_loss,val_acc,val_f1,val_recall,val_precision,test_loss,test_acc,test_f1,test_recall,test_precision,semeval_climate_loss,semeval_climate_acc,semeval_climate_f1,semeval_climate_recall,semeval_climate_precision,semeval_abortion_loss,semeval_abortion_acc,semeval_abortion_f1,semeval_abortion_recall,semeval_abortion_precision
5.8465167164933405,0.613948380010983,0.5930272215569549,0.5819393442541081,0.6106334297550321,4.556654188972042,0.6316463805253043,0.6697648180556267,0.6470772321593888,0.7459034273185078,3.722201403078376,0.6504481434058899,0.7039535836935601,0.6917831989588867,0.7571558520315342,14.37258548221805,0.17751479289940827,0.1344114219114219,0.3848238482384824,0.34127516778523487,11.445605434690203,0.5785714285714286,0.26187739463601534,0.2966797024768039,0.23641001115893512
6.9739968055362365,0.6420922570016474,0.5738878033834884,0.5358417592597794,0.7013963017350607,7.502784242245312,0.5746316463805253,0.24328722538649308,0.3333333333333333,0.19154388212684179,7.2094629419853495,0.589628681177977,0.24728151429722112,0.3333333333333333,0.19654289372599232,10.763059907000173,0.727810650887574,0.2808219178082192,0.3333333333333333,0.242603550295858,10.352252742222378,0.16428571428571428,0.09406952965235173,0.3333333333333333,0.05476190476190476
