train_loss,train_acc,train_f1,train_recall,train_precision,val_loss,val_acc,val_f1,val_recall,val_precision,test_loss,test_acc,test_f1,test_recall,test_precision,semeval_climate_loss,semeval_climate_acc,semeval_climate_f1,semeval_climate_recall,semeval_climate_precision,semeval_abortion_loss,semeval_abortion_acc,semeval_abortion_f1,semeval_abortion_recall,semeval_abortion_precision
0.8993612455876808,0.6020043931905547,0.563139561486591,0.530875392736505,0.6304019145410447,0.8272986976163728,0.655349135169763,0.6771380428108354,0.641738715206816,0.7415977961432506,0.7379454128368168,0.6658130601792573,0.7074585662141538,0.6834039010942469,0.7490997192137986,2.1577147407965227,0.3668639053254438,0.2317799352750809,0.38876570583887654,0.26275174101261056,1.627418805871691,0.3892857142857143,0.26364990334949456,0.34027298520052146,0.2767311827956989
0.81587658021047,0.6113399231191653,0.6344059400879439,0.6061785154013887,0.6796738595083126,1.3139472950477988,0.5733504163997437,0.2966041845731329,0.3478710747393086,0.3938144329896907,1.2354912239373947,0.5979513444302177,0.3103472356961839,0.3561917896828147,0.4343340470667539,2.052568246017803,0.7159763313609467,0.279123414071511,0.32791327913279134,0.2429718875502008,1.6879097666059222,0.16071428571428573,0.09316770186335405,0.32608695652173914,0.05434782608695652
