train_loss,train_acc,train_f1,train_recall,train_precision,val_loss,val_acc,val_f1,val_recall,val_precision,test_loss,test_acc,test_f1,test_recall,test_precision
1.1569183093263604,0.28638110928061505,0.26621468201173465,0.3399672514094192,0.33229043934477465,1.067453223223589,0.4823830877642537,0.3317167006120494,0.3504017979370955,0.6494892158010346,1.0630300455555624,0.4679897567221511,0.32057649778115516,0.34471444082519004,0.31652002493787484
1.0208758740603072,0.48599670510708404,0.4418047940941525,0.429979983157511,0.4677075489119054,0.9137671091118638,0.5048046124279308,0.5687278406968025,0.586376036749158,0.6611242976446908,0.8982942271597532,0.47183098591549294,0.5583365000832335,0.5936370734862662,0.6511252503829386
0.8343746639076625,0.5531301482701813,0.5929312105330236,0.5772977090968793,0.6185790327397853,0.7907439356251639,0.66111467008328,0.5778780950947673,0.5786785201703045,0.7650900539789429,0.7518608524483077,0.6830985915492958,0.6202994978664806,0.6188190295777792,0.7862605125251978
0.7775312322554814,0.6022789676002197,0.6347308188563979,0.6097359122068092,0.6705356598302302,0.7618920008594893,0.675208199871877,0.689663396663266,0.6589604234560967,0.7393253458649092,0.7116185546073378,0.678617157490397,0.707783230903008,0.6857665503884922,0.7400748987529027
0.7464224104038578,0.6507413509060955,0.6770590960854278,0.6532178065311153,0.7154420439347674,0.7393882134739234,0.6655989750160154,0.684654542961998,0.6596846340741517,0.7285209926743473,0.6749046839089418,0.6882202304737516,0.7174104274893867,0.6994234450681883,0.7483397735107009
