train_loss,train_acc,train_f1,train_recall,train_precision,val_loss,val_acc,val_f1,val_recall,val_precision,test_loss,test_acc,test_f1,test_recall,test_precision
1.0419074649831634,0.4681807141122176,0.4501307228977071,0.44064741686737996,0.4806040641126555,0.9466207342989305,0.6329276105060858,0.6180776959664714,0.5989423864209277,0.6535750780970416,0.9370952138815389,0.646606914212548,0.6292793402005737,0.6296202709050447,0.6451285576248603
0.76775457927864,0.6363857177556473,0.6350260563779929,0.6294071411801582,0.6429274250872776,0.768656312428472,0.6572709801409353,0.6693595954038775,0.6305024496525039,0.7338013958013958,0.7057605494013832,0.6530089628681178,0.684519158115246,0.6597093661684416,0.7176926189269595
0.6408037576894988,0.6803497692494535,0.6869555023179453,0.6762024698950014,0.7007681593337768,0.7684341140301026,0.6688020499679692,0.644507378930974,0.6103663743715596,0.7393792133648471,0.6808088211261708,0.7016645326504481,0.6875068238283267,0.6627053541863993,0.752605222186224
