train_loss,train_acc,train_f1,train_recall,train_precision,val_loss,val_acc,val_f1,val_recall,val_precision,test_loss,test_acc,test_f1,test_recall,test_precision
8.555188148117274,0.6113399231191653,0.3754277711282214,0.4064137640216218,0.5899241409633826,7.314103613233628,0.6425368353619475,0.5254791134580167,0.5492875239923553,0.7837547892720306,6.633616482205404,0.6600512163892446,0.5493694414171152,0.5814988179669031,0.878099173553719
6.366541816892367,0.6897309170785283,0.6470457444440795,0.6187340697084276,0.7525188391068619,6.517553185124684,0.6771300448430493,0.6721032618690793,0.6316361845563401,0.7457068164392672,5.814850131873889,0.7151088348271447,0.7201921604211341,0.6862833799216085,0.7744186852242633
6.07586973574972,0.7040087863811093,0.6938678169753553,0.6570342986239475,0.7580042092952466,7.2495015856459775,0.6796925048046124,0.6337132958081138,0.6077011156014765,0.7532571557104745,6.388126936028986,0.7189500640204866,0.6842652368428662,0.6610282224840406,0.8014903661288008
