train_loss,train_acc,train_f1,train_recall,train_precision,val_loss,val_acc,val_f1,val_recall,val_precision,test_loss,test_acc,test_f1,test_recall,test_precision
1.052564511112706,0.439276171969881,0.4190651022706726,0.42022040120400134,0.4228344386450063,0.8972061095030411,0.6220371556694426,0.6353329728549633,0.5967128318317753,0.700387928837233,0.8772386013699309,0.6658130601792573,0.6909646925049127,0.6614625330160709,0.7311905484719693
0.7520899589075343,0.659217877094972,0.6587760947679036,0.6510745626318639,0.6700322205167476,0.7527973458666326,0.6700832799487508,0.6600607631196781,0.6254256318370112,0.7230197546066027,0.6857180950205649,0.7099871959026889,0.7094232267030995,0.68295218733877,0.7528396479867374
0.6280426244735863,0.7047607481175613,0.7126953872927962,0.7039466170335915,0.722775769931484,0.7605719304526858,0.6918641896220371,0.6842979286980743,0.6457973261743012,0.7510661569039606,0.6638740453669025,0.7259923175416133,0.7335404395498362,0.7031447008724715,0.7777510215010214
0.6078499238757166,0.7262569832402235,0.7364690472618062,0.7281514241800551,0.7462335039936491,0.7646338086279915,0.7014734144778988,0.6956058041485386,0.6541785287186962,0.7688408549064286,0.6714147003772466,0.7413572343149808,0.7483120445793873,0.7164020298626994,0.7946303532366107
0.5962079439055303,0.7460529511780423,0.75307352539293,0.7442470055889846,0.763262510016666,0.7516001022761435,0.6623959000640615,0.6909742612265218,0.6671601206163095,0.7634230929969997,0.6754243355625502,0.6779769526248399,0.7235617190483215,0.7137882043107631,0.7663135540205399
