train_loss,train_acc,train_f1,train_recall,train_precision,val_loss,val_acc,val_f1,val_recall,val_precision,test_loss,test_acc,test_f1,test_recall,test_precision
1.149722178236952,0.40502793296089384,0.36036761897992314,0.3611102421151778,0.3620458901515771,1.015075726776707,0.6156310057655349,0.5304549308077603,0.5453117162117618,0.6053431300379373,1.0077129173643735,0.6376440460947503,0.5623099468767174,0.5908580867234966,0.6198499139515584
0.9793538464504539,0.5041292203060481,0.49991338439501803,0.5108720965107877,0.4947237992564759,0.8583906524035395,0.6348494554772581,0.6412658213310118,0.603460799620979,0.7062235238955323,0.8313641298790367,0.6594110115236875,0.6732405714875523,0.6485699940705832,0.7093573388984629
0.7698923649863132,0.5949720670391061,0.6176083931383145,0.6231993520369067,0.6159676867741312,0.7793750480121496,0.6278026905829597,0.660857883167648,0.6296894184642494,0.7253872444645694,0.7217098188643553,0.6274007682458387,0.678826253028924,0.6638215630558828,0.7161988394858331
0.6782926397994884,0.634199659946563,0.6599527093692557,0.6578881869388025,0.665211320827131,0.7782203792309275,0.6598334401024984,0.6592855092437299,0.6185149665512627,0.7348949201563318,0.6985955979599028,0.7016645326504481,0.7064687126721173,0.6756355333779965,0.7563504819702814
