train_loss,train_acc,train_f1,train_recall,train_precision,val_loss,val_acc,val_f1,val_recall,val_precision,test_loss,test_acc,test_f1,test_recall,test_precision,semeval_climate_loss,semeval_climate_acc,semeval_climate_f1,semeval_climate_recall,semeval_climate_precision,semeval_abortion_loss,semeval_abortion_acc,semeval_abortion_f1,semeval_abortion_recall,semeval_abortion_precision
0.8663287144274497,0.592943437671609,0.6134552080551468,0.5793755653439258,0.6849099750339112,0.844347952538744,0.6476617552850736,0.5403817780975815,0.558400836752797,0.7707962615623848,0.7458548203891958,0.6690140845070423,0.5696972393804874,0.5962290911051047,0.8456593915085292,1.6978080549905465,0.7218934911242604,0.279495990836197,0.3306233062330623,0.24206349206349206,1.5356195313589913,0.16428571428571428,0.09406952965235173,0.3333333333333333,0.05476190476190476
0.8115210906885777,0.6449752883031301,0.6703683891777157,0.640726602330606,0.7158815456289304,0.8757637097593158,0.6636771300448431,0.6793581160635741,0.6417976199709023,0.74387083572612,0.7639024082161582,0.6798975672215108,0.710154363963353,0.6810050592556657,0.7515071015326136,2.3832756294760595,0.3609467455621302,0.2288364901430228,0.3860556787386056,0.2611299754763252,1.883276460851942,0.35,0.23811008564064187,0.30442450732305804,0.26297760210803683
0.8649940433293335,0.6191652937946184,0.6473017456960609,0.6196887650984674,0.6911148215200916,0.8248134155941131,0.6117873158231902,0.6515790177724586,0.6415749910477163,0.7189805737759457,0.7551947456910787,0.617797695262484,0.6781917553170831,0.6791150845904467,0.7349885939799127,1.844472613445548,0.20118343195266272,0.14793349724856575,0.3404779502340478,0.27474747474747474,1.3548241921833584,0.5392857142857143,0.27423179211124993,0.2992101832681543,0.2531050414458486
1.0489394241645533,0.5166117517847336,0.4636015594678457,0.43228959998152194,0.5773931924774333,1.0803228955134712,0.3600256245996156,0.2140581326083304,0.34610984938560874,0.3597142206164763,1.0522640243820522,0.36107554417413573,0.21919488713798133,0.34948751357220414,0.3708408615369332,1.2974720028943794,0.08875739644970414,0.06266404199475066,0.34417344173441733,0.35555555555555557,1.1534859197480338,0.6785714285714286,0.2834151663938898,0.34057971014492755,0.5591397849462365
