train_loss,train_acc,train_f1,train_recall,train_precision,val_loss,val_acc,val_f1,val_recall,val_precision,test_loss,test_acc,test_f1,test_recall,test_precision,semeval_climate_loss,semeval_climate_acc,semeval_climate_f1,semeval_climate_recall,semeval_climate_precision,semeval_abortion_loss,semeval_abortion_acc,semeval_abortion_f1,semeval_abortion_recall,semeval_abortion_precision
0.8312134957503278,0.6029654036243822,0.5577394292281227,0.5998035037745778,0.5384356596586216,0.7556909544735538,0.6764894298526586,0.6845131338325116,0.6557386422852562,0.726180080149407,0.6986870686618649,0.704865556978233,0.7177934328643195,0.6952938449573005,0.7463273001718065,1.8006660667332737,0.2485207100591716,0.17452454666076958,0.3621581670362158,0.25863271712591557,1.3429194705826895,0.42142857142857143,0.27602254055425063,0.33969787592976,0.27535121328224776
0.7496298668020774,0.67833607907743,0.6895366197594361,0.6615337886049139,0.7291042060394611,0.8062491662496206,0.6707238949391415,0.6084237255712026,0.5905861089618929,0.768908089156023,0.7061753428484104,0.708066581306018,0.6696306938195735,0.6481711830341673,0.8002331256711853,1.8283421898430043,0.5976331360946746,0.31073345259391777,0.3840847499384085,0.277676399026764,1.5756655369486128,0.21785714285714286,0.14941599560571672,0.35430565140710063,0.2808159722222222
0.9192941886762364,0.5579352004393191,0.5452234233435952,0.49972464902637553,0.6596983611068118,1.0868986148615272,0.5746316463805253,0.24328722538649308,0.3333333333333333,0.19154388212684179,1.0774217436508255,0.589628681177977,0.24728151429722112,0.3333333333333333,0.19654289372599232,1.1504432369362225,0.727810650887574,0.2808219178082192,0.3333333333333333,0.242603550295858,1.127646815776825,0.16428571428571428,0.09406952965235173,0.3333333333333333,0.05476190476190476
