train_loss,train_acc,train_f1,train_recall,train_precision,val_loss,val_acc,val_f1,val_recall,val_precision,test_loss,test_acc,test_f1,test_recall,test_precision,semeval_climate_loss,semeval_climate_acc,semeval_climate_f1,semeval_climate_recall,semeval_climate_precision,semeval_abortion_loss,semeval_abortion_acc,semeval_abortion_f1,semeval_abortion_recall,semeval_abortion_precision
0.843320968412047,0.6195771554091158,0.6225651569504249,0.5878550375460156,0.6800362625759142,0.8522805332413415,0.6745675848814863,0.6654100735531173,0.6250970285234377,0.7449584992128452,0.74054383947645,0.7010243277848912,0.7085209972428017,0.6749688667113297,0.7628525744147728,2.1057510549245877,0.33136094674556216,0.20082101806239736,0.28972653362897266,0.2312265917602996,1.9601828047207424,0.225,0.15903746908113722,0.3413848631239935,0.2333333333333333
0.9748665863297212,0.5664470071389347,0.4965182636938686,0.46268261428140683,0.614337324886673,1.0662774297282518,0.5746316463805253,0.24328722538649308,0.3333333333333333,0.19154388212684179,1.0463474293803925,0.589628681177977,0.24728151429722112,0.3333333333333333,0.19654289372599232,1.2090540084727974,0.727810650887574,0.2808219178082192,0.3333333333333333,0.242603550295858,1.1247474687440056,0.16428571428571428,0.09406952965235173,0.3333333333333333,0.05476190476190476
