train_loss,train_acc,train_f1,train_recall,train_precision,val_loss,val_acc,val_f1,val_recall,val_precision,test_loss,test_acc,test_f1,test_recall,test_precision,semeval_climate_loss,semeval_climate_acc,semeval_climate_f1,semeval_climate_recall,semeval_climate_precision,semeval_abortion_loss,semeval_abortion_acc,semeval_abortion_f1,semeval_abortion_recall,semeval_abortion_precision
7.983692509348123,0.6418176825919825,0.6285458868583682,0.598700501778824,0.6774117309362181,9.630393059297027,0.6893017296604741,0.6775358672316129,0.6391002637367771,0.7517278995750306,7.21551688159911,0.7240717029449424,0.7227554536334267,0.6913503361286298,0.7765967287551846,36.88868052901869,0.5029585798816568,0.2599808228730823,0.3131313131313131,0.25450010843634785,30.273642131260463,0.17857142857142858,0.11093154186604133,0.3403880070546737,0.1683250414593698
7.561936720207939,0.6661175178473366,0.6577186092105288,0.626556407043881,0.7122742894401028,8.843377078888102,0.6572709801409353,0.5660406214647582,0.5701505191397634,0.7932361999526178,6.730188967736096,0.6805377720870679,0.5961688458226944,0.6088385735517207,0.8592644978783591,31.734074269675396,0.6804733727810651,0.26995305164319244,0.3116531165311653,0.2380952380952381,27.382403755187987,0.175,0.10560078953861336,0.3386243386243386,0.3055555555555555
8.56537298058312,0.6456617243272927,0.5986569708112641,0.5796818639229265,0.6715894627265312,10.946188519461726,0.6374119154388213,0.5136819951831094,0.5468409586056645,0.5377079061289588,8.104861354987536,0.6574903969270166,0.5444086576429423,0.5839243498817966,0.5441849816849816,41.89365931972861,0.727810650887574,0.2808219178082192,0.3333333333333333,0.242603550295858,33.498638016836985,0.16428571428571428,0.09406952965235173,0.3333333333333333,0.05476190476190476
10.033735443417772,0.6341295991213619,0.5003822962499783,0.515060643572855,0.6144385458254686,13.48647287047031,0.5746316463805253,0.24328722538649308,0.3333333333333333,0.19154388212684179,12.756056595973822,0.589628681177977,0.24728151429722112,0.3333333333333333,0.19654289372599232,22.2343100536276,0.727810650887574,0.2808219178082192,0.3333333333333333,0.242603550295858,20.183807720456805,0.16428571428571428,0.09406952965235173,0.3333333333333333,0.05476190476190476
