train_loss,train_acc,train_f1,train_recall,train_precision,val_loss,val_acc,val_f1,val_recall,val_precision,test_loss,test_acc,test_f1,test_recall,test_precision,semeval_climate_loss,semeval_climate_acc,semeval_climate_f1,semeval_climate_recall,semeval_climate_precision,semeval_abortion_loss,semeval_abortion_acc,semeval_abortion_f1,semeval_abortion_recall,semeval_abortion_precision
0.8027635662193879,0.6096924766611752,0.635353497879126,0.6158344975750686,0.6715370181487658,0.7904257007247332,0.6848174247277387,0.6777105092840728,0.6366569066705702,0.7541913985212955,0.7002810988271114,0.7029449423815621,0.7123931727842795,0.6791020552744857,0.7635307256961438,1.887349995699796,0.3609467455621302,0.22442244224422445,0.35846267553584626,0.25377402719174874,1.5155207804271154,0.35714285714285715,0.252124212971453,0.3572962196150602,0.28833071690214546
1.0254264357617344,0.5056287753981329,0.4557900602306157,0.436759108396836,0.5059174837591226,1.0880166711855908,0.3273542600896861,0.1644144144144144,0.3333333333333333,0.10911808669656203,1.076142808612512,0.3201024327784891,0.1616553507921112,0.3333333333333333,0.10670081092616303,1.1951932202685962,0.0650887573964497,0.04074074074074074,0.3333333333333333,0.021696252465483234,1.110051337310246,0.675,0.26865671641791045,0.3333333333333333,0.225
