train_loss,train_acc,train_f1,train_recall,train_precision,val_loss,val_acc,val_f1,val_recall,val_precision,test_loss,test_acc,test_f1,test_recall,test_precision
4.746009911276172,0.4172941462229779,0.3475022719504604,0.34806221156783557,0.35476269700104984,2.4773409875952983,0.5746316463805253,0.24328722538649308,0.3333333333333333,0.19154388212684179,2.4192074368067105,0.589628681177977,0.24854016688853883,0.33363807455664135,0.3632478632478633
2.8353382864584327,0.5313334952635415,0.4800130988186742,0.46643540251693,0.5161978201664396,1.9573095288041913,0.6322869955156951,0.6092637874013686,0.5761844573812481,0.7010762072734398,1.8249340065757331,0.6581306017925737,0.6454926525317326,0.6174177774697561,0.7185187302157588
1.9868025674172345,0.6445227107116832,0.622973300133545,0.6151913121858456,0.6470537843989965,2.0761299638835062,0.6483023702754644,0.6720033116987114,0.6366860952573736,0.7379668483292853,1.7288784191126714,0.6318822023047375,0.6808019449001987,0.65534171152232,0.7269314259279028
1.982607019060138,0.6855720184600437,0.6666852122201683,0.6567458227613772,0.6969470757326558,2.2663626027867543,0.6630365150544523,0.6410878549943357,0.6042499323864282,0.7346938775510203,1.8441736177562753,0.6984635083226632,0.6859629252400526,0.6551940459414297,0.7593241276337485
