train_loss,train_acc,train_f1,train_recall,train_precision,val_loss,val_acc,val_f1,val_recall,val_precision,test_loss,test_acc,test_f1,test_recall,test_precision
9.928617934615058,0.5234761120263591,0.34465249219204336,0.35422088506093696,0.35997605453456627,7.401208455795827,0.6367713004484304,0.5116127031952461,0.5431359758515278,0.8709016393442623,6.933255491049393,0.6581306017925737,0.5456263964426435,0.5828936170212766,0.8776632302405498
7.053393876729333,0.6528006589785832,0.5943126526051086,0.5690236366042595,0.7003571288374227,6.562965977755959,0.6527866752081999,0.6122387561178011,0.588444348280385,0.7163180192359082,5.950084924545434,0.7016645326504481,0.6756739868056894,0.6509514942900486,0.7736494576167995
6.487623034565741,0.6803953871499177,0.6382084362762939,0.6130421933065776,0.7361073496872329,6.705097941867531,0.66944266495836,0.6207393850626158,0.5990711042387461,0.7471703246851228,5.885284509881378,0.7125480153649167,0.6768554650241763,0.654056814594066,0.8050441698484252
6.273356425768723,0.6979681493684788,0.6670944553709511,0.635466291300149,0.7533884154317573,6.4538470140808375,0.6764894298526586,0.6569810963220829,0.6251767232042605,0.7309316297989437,5.734615843161903,0.7176696542893726,0.7147566980146195,0.6819409984521911,0.7771601358891697
6.1195428716913804,0.7045579352004393,0.6796094128267475,0.645362695634749,0.7605669057092328,6.411705461990498,0.6796925048046124,0.6657953526873407,0.6352980617423737,0.7252160660630605,5.701800246601519,0.7176696542893726,0.7168780546415228,0.6877310816950432,0.7653895153055448
6.086241603224963,0.7130697419000549,0.6873931816981317,0.6523558728036252,0.7698943317362638,6.602066765775156,0.6828955797565663,0.6526869692439002,0.6202260137725926,0.7487775595037699,5.792235396287936,0.7240717029449424,0.7080816482332285,0.6779417223030779,0.7871426257471438
