train_loss,train_acc,train_f1,train_recall,train_precision,val_loss,val_acc,val_f1,val_recall,val_precision,test_loss,test_acc,test_f1,test_recall,test_precision
0.9026771407538248,0.5299975710468788,0.5370472586689681,0.5252262150350796,0.5654394573199313,0.7266286086975312,0.6668802049967969,0.6607337281421533,0.6375327068666943,0.6943135503399782,0.6822082524244882,0.6920614596670934,0.6923663770672469,0.6812626269626755,0.7094412121152
0.5857721330579913,0.7060966723342239,0.7264768515767072,0.7241145259175306,0.7336764233313877,0.7017688278336914,0.6534272901985907,0.6815119350894191,0.6620101816121856,0.7281371415803882,0.6596679708787373,0.6722151088348272,0.7085004647900516,0.700169673728063,0.734173119772599
0.539644690548766,0.7364585863492834,0.7550179728823642,0.7523244141577017,0.763417795809167,0.7490126878327253,0.6399743754003844,0.6757217380400234,0.6602942434845178,0.7430279922473231,0.6842923369258642,0.6434058898847631,0.6944788069261083,0.6920683962082533,0.7407222511942719
