train_loss,train_acc,train_f1,train_recall,train_precision,val_loss,val_acc,val_f1,val_recall,val_precision,test_loss,test_acc,test_f1,test_recall,test_precision
0.7198827352474281,0.7071587537091988,0.6380277417415471,0.6398066672035289,0.6450698312286083,0.7502594984003476,0.675208199871877,0.620668877688903,0.597397972235936,0.7728583545377439,0.7086611905572365,0.7087067861715749,0.6670076745951103,0.6442240857532284,0.8111538257243779
0.5025207645301942,0.7902448071216617,0.7525793251362773,0.7512673223875882,0.7546140089221889,0.738148460582811,0.6886611146700833,0.6631053790468625,0.6245705217432086,0.7673227210500144,0.6916051224178198,0.7247119078104993,0.7156653949143236,0.6810463187562085,0.7947398123521802
0.5344858690543592,0.7790244807121661,0.7418140339604763,0.7404492552910572,0.7442145569325543,0.8761895449489964,0.5778347213324792,0.3293499829365593,0.36254272431268536,0.4028798848715403,0.8329740451002607,0.6024327784891165,0.33934983029248983,0.37043648208469054,0.3360586792354951
