train_loss,train_acc,train_f1,train_recall,train_precision,val_loss,val_acc,val_f1,val_recall,val_precision,test_loss,test_acc,test_f1,test_recall,test_precision
1.0061619103131734,0.556843471810089,0.48598425687467256,0.4929038920008166,0.5054692734465439,0.9613751945446949,0.5823190262652146,0.330345918866471,0.3656000826235209,0.42981276759108916,0.9548584721526321,0.6062740076824584,0.3453661363469245,0.37486916010195515,0.40373518314694784
0.6746408077791466,0.7222737388724035,0.6698423513782109,0.6660398863600185,0.6767486006749498,0.7697976529598236,0.6630365150544523,0.6593489699498766,0.6182852650638097,0.7369560207458726,0.751646024232008,0.6850192061459667,0.6929490883724293,0.6606974842331416,0.7434262560691159
0.5371158479737775,0.7684532640949555,0.7228612184688551,0.7203058584768972,0.7264188874632009,0.7036156479497345,0.6745675848814863,0.6756478485517651,0.643553455346189,0.7251154203165447,0.6730979253747025,0.7106274007682458,0.7168139457339785,0.6890615504269949,0.7553069912601482
0.4932816037935832,0.786906528189911,0.7519229541642041,0.7523355625597338,0.7526732544535032,0.6770514889943356,0.6732863549007047,0.6896490616624419,0.65579295558625,0.751521866253506,0.6360566387979352,0.6997439180537772,0.7251587887627545,0.7014980325116856,0.7615462986485233
0.47219391706543323,0.8010942136498517,0.7692635730373493,0.770907630995923,0.7693144293871262,0.6787490769460494,0.7040358744394619,0.7058652205904918,0.6668932311296464,0.771564169564293,0.6292466803320816,0.7176696542893726,0.7378419650598375,0.7098461431838659,0.7762276455347749
0.4644133795539155,0.8010942136498517,0.7710987420143289,0.7743948330764511,0.7708508525764245,0.6676157222566556,0.6803331197950032,0.6944023072457254,0.6630912287640732,0.7507057079695046,0.6215577583988102,0.704225352112676,0.7319259181874943,0.7136948275463766,0.7611740082739553
