train_loss,train_acc,train_f1,train_recall,train_precision,val_loss,val_acc,val_f1,val_recall,val_precision,test_loss,test_acc,test_f1,test_recall,test_precision
0.8188046371397542,0.6515650741350906,0.6476747937012785,0.6075333650456551,0.7169221607005111,0.9547997901544851,0.6739269698910955,0.6511997278169813,0.6167077267522211,0.7373158873893783,0.8281144436896609,0.7087067861715749,0.7007011804546762,0.6710839590023179,0.7644032605186467
0.7408798863801375,0.6970071389346513,0.6980571776126712,0.6658541632722622,0.7451429811330872,0.8208684032720983,0.6848174247277387,0.6757302530366411,0.6392709606457285,0.7445921045623796,0.7299829776901419,0.6965428937259923,0.7013498973456144,0.6718259061612031,0.7485949728654684
0.7981001035919447,0.6861614497528831,0.6672704528592067,0.6332179032911522,0.7294564491701773,1.140796711835105,0.5746316463805253,0.24328722538649308,0.3333333333333333,0.19154388212684179,1.0903587390089888,0.589628681177977,0.24728151429722112,0.3333333333333333,0.19654289372599232
