train_loss,train_acc,train_f1,train_recall,train_precision,val_loss,val_acc,val_f1,val_recall,val_precision,test_loss,test_acc,test_f1,test_recall,test_precision
1.093869583078064,0.470895112575508,0.3110187924315064,0.32338930121149806,0.32102324003483523,1.0716509073972702,0.37988468930172964,0.25442495163706363,0.33798026472237314,0.3181609441014279,1.0599689486683632,0.38156209987195905,0.25868044919456495,0.3369945711183497,0.3213126014737105
0.9640172493248426,0.5507962657880285,0.5161858935595545,0.4726434436335329,0.6608986297833335,0.8902196837018947,0.6380525304292121,0.5166045004123682,0.5480546876335686,0.7347249664339576,0.7973263599738782,0.6581306017925737,0.5449094726347755,0.5845910165484633,0.7081717276319486
0.7696617290001407,0.6582921471718836,0.6801622241456743,0.6529519130707828,0.7210349974331879,0.7919719933095027,0.6649583600256246,0.6903160453036307,0.6670851172129945,0.7520176199766762,0.7123481900792341,0.6626120358514724,0.7061351735131471,0.6928696991398494,0.7459708230956288
0.7200142094859308,0.6781987918725975,0.6996330556431912,0.678514460319333,0.7353819142112341,0.7303639382732158,0.680973734785394,0.6984500342886956,0.676427931832059,0.7382107814675303,0.675192994464721,0.6901408450704225,0.7205053657187029,0.703730327041991,0.7503496013000314
0.7095764290079327,0.6930258099945085,0.7078200426597262,0.6856146259974868,0.7434262239958959,0.8321943357586861,0.7065983344010249,0.6764433452736519,0.6413967225024226,0.7711186282496522,0.7136215423518906,0.7381562099871959,0.7189414200313705,0.6889514942900486,0.7955276923547044
