train_loss,train_acc,train_f1,train_recall,train_precision,val_loss,val_acc,val_f1,val_recall,val_precision,test_loss,test_acc,test_f1,test_recall,test_precision
1.1282380952138933,0.3581823174080176,0.3189597684757679,0.3536379979162258,0.3423630026642423,1.0113632919228808,0.5483664317745035,0.574334229382109,0.5384161229026869,0.6332386804430085,1.001319788548411,0.5480153649167734,0.591666144200627,0.5640893878839682,0.6295970878719847
0.9838820922256956,0.4908017572762219,0.4861701314607309,0.49127799564392555,0.4908383688388302,0.8462465811444788,0.6175528507367073,0.6165157143359723,0.5955676895662182,0.6507379652798589,0.8186673225492848,0.6363636363636364,0.6494679779110334,0.6321885246532831,0.6729162184819265
0.8146641209116359,0.5770181219110379,0.6182461007384584,0.598939719121219,0.6502161569545485,0.7749288626471345,0.6515054452274183,0.6553495631966951,0.6209122093577126,0.7132905197165199,0.7252151102435832,0.6549295774647887,0.6749013323122265,0.6484744457535364,0.7116616511262878
0.7564278773628135,0.6179297089511258,0.649232143010026,0.6231238041551881,0.6892948779956245,0.7643807011143285,0.6444586803331198,0.6722937425485856,0.6443337616655068,0.7215385935838322,0.7027111950957653,0.6600512163892446,0.7029874383072902,0.6864150899808257,0.738257427490051
0.7388709389515687,0.6346787479406919,0.6636764206621442,0.6362135175644438,0.7051046805045186,0.7357890821841299,0.6354900704676489,0.6723515991939655,0.6601491275842255,0.7220282454007415,0.6839625667780638,0.6338028169014085,0.6844536655738223,0.6810231247256683,0.7210805318211101
